Clave de entidad,Entidad federativa,Clave de municipio,Municipio,"Población 2015*
(leer nota al final del cuadro)","Porcentaje de Pobreza
2015","Personas Pobres
2015","Carencias promedio de Pobreza
2015","Porcentaje Pobreza Extrema
2015","Personas Pobreza Extrema
2015","Carencias promedio Pobreza Extrema
2015","Porcentaje
Pobreza Moderada
2015","Personas Pobreza Moderada
2015","Carencias promedio Pobreza Moderada
2015","Porcentaje Vulnerables por carencia social
2015","Personas Vulnerables por carencia social
2015","Carencias promedio Vulnerables por carencia social
2015","Porcentaje Vulnerables por ingreso
2015","Personas Vulnerables por ingreso
2015","Porcentaje No pobres y no vulnerables
2015","Personas No pobres y no vulnerables
2015","Porcentaje Rezago educativo
2015","Personas Rezago educativo
2015","Carencias promedio Rezago educativo
2015","Porcentaje
2015 Carencia por acceso a los servicios de salud","Personas Carencia por acceso a los servicios de salud
2015","Carencias promedio Carencia por acceso a los servicios de salud
2015","Porcentaje Carencia por acceso a la seguridad social
2015","Personas Carencia por acceso a la seguridad social
2015","Carencias promedio Carencia por acceso a la seguridad social
2015","Porcentaje Carencia por calidad y espacios de la vivienda
2015","Personas Carencia por calidad y espacios de la vivienda
2015","Carencias promedio Carencia por calidad y espacios de la vivienda
2015","Porcentaje Carencia por acceso a los servicios básicos en la vivienda 
2015","Personas Carencia por acceso a los servicios básicos en la vivienda
2015","Carencias promedio Carencia por acceso a los servicios básicos en la vivienda
2015","Porcentaje Carencia por acceso a la alimentación
2015","Personas Carencia por acceso a la alimentación
2015","Carencias promedio Carencia por acceso a la alimentación
2015","Porcentaje Población con al menos una carencia social
2015","Personas Población con al menos una carencia social
2015","Carencias promedio Población con al menos una carencia social
2015","Porcentaje Población con tres o más carencias sociales
2015","Personas Población con tres o más carencias sociales
2015","Carencias promedio
 Población con tres o más carencias sociales 2015","Porcentaje  Población con ingreso inferior a la línea de bienestar 
2015","Personas  Población con ingreso inferior a la línea de bienestar
2015","Carencias promedio  Población con ingreso inferior a la línea de bienestar
2015","Porcentaje Población con ingreso inferior a la línea de bienestar mínimo
2015","Personas Población con ingreso inferior a la línea de bienestar mínimo
2015","Carencias promedio Población con ingreso inferior a la línea de bienestar mínimo
2015"
15,México,15001,Acambay,"62,863",73.5,"46,233",2.4,19.8,"12,475",3.5,53.7,"33,758",2,21.7,"13,633",2,1.5,931,3.3,"2,066",25,"15,721",3.1,13,"8,177",3.2,88,"55,302",2.4,14.4,"9,067",3.6,50.5,"31,754",3,32.5,"20,455",3.2,95.2,"59,866",2.3,39.2,"24,627",3.4,75,"47,164",2.4,37.1,"23,336",2.6
15,México,15002,Acolman,"171,774",56.2,"96,512",2,8.6,"14,715",3.3,47.6,"81,797",1.8,18.6,"31,967",1.7,11.7,"20,179",13.5,"23,115",11.2,"19,176",2.7,20.2,"34,621",2.7,62.7,"107,655",2.1,9.6,"16,473",3,18.8,"32,274",2.7,22.8,"39,117",2.5,74.8,"128,479",1.9,19.2,"32,987",3.3,67.9,"116,692",1.7,24.3,"41,814",2
15,México,15003,Aculco,"46,275",61.9,"28,628",2.2,10.7,"4,930",3.5,51.2,"23,698",2,31.4,"14,510",1.8,1.7,791,5.1,"2,345",24.5,"11,349",2.8,8.8,"4,088",3,85.8,"39,700",2.1,11.5,"5,308",3.4,35.6,"16,492",2.9,28.9,"13,384",3,93.2,"43,139",2.1,29,"13,408",3.4,63.6,"29,419",2.2,23.8,"10,993",2.4
15,México,15004,Almoloya de Alquisiras,"14,115",73.4,"10,354",2.3,18.7,"2,638",3.4,54.7,"7,716",1.9,20.9,"2,945",1.8,1.9,262,3.9,554,27,"3,811",2.9,7,986,2.9,86.7,"12,235",2.2,12.7,"1,792",3.5,46.7,"6,598",2.9,26.2,"3,695",3.1,94.2,"13,299",2.2,34.4,"4,858",3.4,75.2,"10,616",2.2,37.5,"5,290",2.5
15,México,15005,Almoloya de Juárez,"179,746",59.9,"107,654",2.3,12.6,"22,666",3.5,47.3,"84,989",2,22.6,"40,576",1.9,6.3,"11,344",11.2,"20,172",21.9,"39,433",3,12.4,"22,250",2.9,73.9,"132,743",2.3,12.9,"23,245",3.4,28.8,"51,856",3.1,31,"55,796",2.9,82.5,"148,230",2.2,28.9,"51,862",3.4,66.2,"118,999",2.1,25.3,"45,397",2.5
15,México,15006,Almoloya del Río,"12,107",61.9,"7,490",1.9,7.3,887,3.4,54.5,"6,604",1.6,22.2,"2,685",1.5,6.6,804,9.3,"1,128",17.1,"2,066",2.6,14.9,"1,799",2.5,78.4,"9,489",1.8,12.8,"1,552",3,3.7,449,3.4,22.1,"2,679",2.7,84,"10,175",1.8,16,"1,939",3.3,68.5,"8,295",1.7,25.1,"3,035",1.9
15,México,15007,Amanalco,"23,366",76.2,"17,796",2.3,17.4,"4,066",3.4,58.8,"13,730",1.9,20.4,"4,758",1.9,1.2,281,2.3,530,29.3,"6,843",2.9,5.5,"1,296",3.1,91.4,"21,351",2.2,15.1,"3,527",3.4,40.5,"9,461",3,27.9,"6,515",3.1,96.5,"22,555",2.2,34.2,"7,988",3.4,77.4,"18,077",2.2,38.9,"9,084",2.4
15,México,15008,Amatepec,"23,595",77.9,"18,378",2.4,23.9,"5,646",3.4,54,"12,732",2,19.2,"4,539",1.8,1,228,1.9,450,32,"7,542",2.9,4.2,987,3.2,86,"20,285",2.3,18.4,"4,341",3.4,56.9,"13,425",2.9,25.2,"5,942",3.3,97.1,"22,917",2.3,39.7,"9,370",3.4,78.9,"18,606",2.4,44.6,"10,532",2.6
15,México,15009,Amecameca,"55,821",57.6,"32,136",1.9,7.6,"4,219",3.4,50,"27,917",1.7,18.2,"10,137",1.6,13,"7,250",11.3,"6,298",10.5,"5,840",2.6,17.3,"9,639",2.5,67.4,"37,636",1.9,21,"11,697",2.6,7.5,"4,192",3.1,13.1,"7,299",2.7,75.7,"42,273",1.8,14.8,"8,263",3.3,70.6,"39,386",1.5,27.9,"15,588",1.8
15,México,15010,Apaxco,"32,521",46.1,"14,983",1.8,4.2,"1,354",3.4,41.9,"13,629",1.7,23.2,"7,544",1.6,13.9,"4,514",16.9,"5,480",13.7,"4,462",2.3,22.9,"7,436",2.5,59.6,"19,366",1.8,6,"1,966",2.9,5.4,"1,744",3,14.1,"4,579",2.5,69.3,"22,527",1.8,11.9,"3,870",3.3,60,"19,497",1.4,17.2,"5,587",1.7
15,México,15011,Atenco,"73,210",59.3,"43,442",1.9,6.8,"4,949",3.3,52.6,"38,492",1.7,18.6,"13,643",1.7,11.7,"8,592",10.3,"7,534",12.7,"9,271",2.6,18.9,"13,830",2.6,69.8,"51,077",1.9,13.7,"10,019",2.8,7,"5,114",2.8,20.6,"15,066",2.6,78,"57,084",1.8,15.9,"11,645",3.3,71.1,"52,033",1.6,24.8,"18,174",1.8
15,México,15012,Atizapán,"11,992",58.6,"7,025",2,6.9,829,3.5,51.7,"6,196",1.8,30.1,"3,611",1.7,2.3,281,9,"1,075",15.6,"1,866",2.9,12.5,"1,499",2.7,84.4,"10,116",1.9,19,"2,274",2.9,6.5,779,3.5,31.6,"3,784",2.6,88.7,"10,636",1.9,20,"2,394",3.4,60.9,"7,306",2,18.9,"2,263",2.2
15,México,15013,Atizapán de Zaragoza,"504,311",34.2,"172,521",1.8,2.3,"11,798",3.3,31.9,"160,723",1.7,26,"131,326",1.7,11.6,"58,336",28.2,"142,128",10.3,"52,108",2.2,23.4,"117,871",2.4,48.7,"245,568",1.9,8,"40,462",2.5,0.4,"2,048",2.8,15,"75,699",2.2,60.2,"303,847",1.8,9.2,"46,435",3.2,45.8,"230,856",1.4,11.3,"57,125",1.7
15,México,15014,Atlacomulco,"100,540",59.4,"59,711",2.1,10.4,"10,481",3.5,49,"49,230",1.8,21.9,"21,986",1.6,6,"6,009",12.8,"12,834",16.3,"16,347",2.9,11.4,"11,458",2.8,73.9,"74,279",2,11,"11,087",3.3,19.4,"19,469",3.1,28,"28,105",2.6,81.3,"81,697",2,21.5,"21,655",3.4,65.4,"65,719",1.9,26.4,"26,528",2.2
15,México,15015,Atlautla,"34,913",76.1,"26,563",2.3,15.9,"5,559",3.5,60.2,"21,004",1.9,17,"5,919",1.8,3.3,"1,166",3.6,"1,265",19.4,"6,762",3,19.1,"6,671",2.9,85.5,"29,866",2.2,27.3,"9,539",3.1,34.8,"12,153",3,16.2,"5,646",3.1,93,"32,482",2.2,32.6,"11,379",3.4,79.4,"27,729",2.2,33.1,"11,548",2.5
15,México,15016,Axapusco,"29,734",59.3,"17,624",1.7,4.8,"1,422",3.4,54.5,"16,202",1.6,26.3,"7,833",1.5,7.1,"2,123",7.2,"2,154",16.1,"4,782",2.4,10.5,"3,133",2.5,79.9,"23,752",1.7,9,"2,690",2.8,8.7,"2,589",2.9,18.2,"5,411",2.5,85.6,"25,457",1.7,12.5,"3,728",3.3,66.4,"19,747",1.5,22.2,"6,586",1.8
15,México,15017,Ayapango,"10,331",46.5,"4,808",1.9,4.7,485,3.4,41.8,"4,322",1.7,37,"3,827",1.7,3.9,408,12.5,"1,288",12.2,"1,257",2.5,13.2,"1,361",2.6,75.3,"7,782",1.8,21.2,"2,188",2.6,9.6,992,3,18.5,"1,914",2.6,83.6,"8,635",1.8,16.2,"1,679",3.3,50.5,"5,215",1.8,16.9,"1,745",1.9
15,México,15018,Calimaya,"59,435",48.5,"28,843",1.8,4.8,"2,845",3.3,43.7,"25,998",1.6,20.8,"12,345",1.6,12.2,"7,266",18.5,"10,982",12.2,"7,270",2.5,19.9,"11,806",2.4,59.6,"35,428",1.8,7.9,"4,671",2.8,2.9,"1,694",3.3,18.7,"11,100",2.3,69.3,"41,188",1.7,11.8,"7,000",3.3,60.8,"36,108",1.4,19.9,"11,843",1.7
15,México,15019,Capulhuac,"37,936",54.9,"20,819",1.7,4,"1,507",3.2,50.9,"19,312",1.6,26.8,"10,178",1.6,7.4,"2,806",10.9,"4,133",11.7,"4,440",2.5,22.1,"8,382",2.4,75.7,"28,705",1.7,9.7,"3,664",2.6,3.6,"1,360",3,16.7,"6,343",2.5,81.7,"30,998",1.7,12.3,"4,647",3.2,62.3,"23,625",1.5,19.5,"7,393",1.7
15,México,15020,Coacalco de Berriozábal,"280,456",26.7,"74,784",1.7,2,"5,602",3.1,24.7,"69,181",1.6,19.7,"55,203",1.6,17.2,"48,219",36.5,"102,250",5.2,"14,622",2,18,"50,357",2.3,36,"101,063",1.8,1.7,"4,898",2.6,0.1,238,2.4,14.8,"41,523",1.9,46.3,"129,986",1.6,5.5,"15,319",3.1,43.9,"123,003",1,11.5,"32,127",1.4
15,México,15021,Coatepec Harinas,"36,704",63.8,"23,402",2.3,12.4,"4,545",3.5,51.4,"18,857",2,31.6,"11,585",1.9,1.2,450,3.4,"1,266",30.9,"11,352",2.9,8.9,"3,250",3.1,90.1,"33,082",2.2,14.2,"5,197",3.5,39.1,"14,347",3,22.7,"8,329",3.1,95.3,"34,988",2.2,32.4,"11,882",3.4,65,"23,853",2.2,25.8,"9,456",2.5
15,México,15022,Cocotitlán,"14,286",42.6,"6,081",1.9,3.7,530,3.4,38.9,"5,552",1.7,28.6,"4,086",1.6,9.4,"1,345",19.4,"2,773",9,"1,281",2.5,14.6,"2,085",2.5,60.3,"8,615",1.9,14.6,"2,089",2.6,9.7,"1,392",2.8,19,"2,708",2.5,71.2,"10,167",1.8,13.2,"1,891",3.3,52,"7,427",1.5,13.4,"1,911",1.9
15,México,15023,Coyotepec,"50,231",44.9,"22,546",1.9,5,"2,525",3.4,39.9,"20,021",1.7,15.7,"7,885",1.6,21.6,"10,837",17.8,"8,963",12.7,"6,373",2.4,21.6,"10,830",2.4,49.1,"24,668",1.9,9.6,"4,839",2.7,3.9,"1,947",3,13.1,"6,578",2.4,60.6,"30,431",1.8,11.1,"5,593",3.3,66.5,"33,383",1.3,21.5,"10,785",1.7
15,México,15024,Cuautitlán,"149,965",26.2,"39,318",1.7,1.5,"2,247",3.2,24.7,"37,071",1.6,18.9,"28,276",1.5,18.4,"27,608",36.5,"54,763",5.8,"8,648",2.1,14.6,"21,888",2.3,33.3,"49,965",1.8,2.5,"3,774",2.3,2.4,"3,588",2.3,13.5,"20,257",1.8,45.1,"67,594",1.6,5.1,"7,638",3.2,44.6,"66,926",1,10.6,"15,896",1.3
15,México,15025,Chalco,"396,622",54.5,"216,025",2.1,8.7,"34,667",3.5,45.7,"181,359",1.9,17.9,"71,167",1.8,13.5,"53,453",14.1,"55,977",12.2,"48,466",2.8,24.5,"97,103",2.8,60,"237,933",2.2,16.3,"64,741",3,9.7,"38,663",3,26.2,"103,890",2.7,72.4,"287,193",2.1,20.6,"81,802",3.4,67.9,"269,478",1.7,23.5,"93,304",2.1
15,México,15026,Chapa de Mota,"29,109",68.9,"20,047",2.3,13.8,"4,021",3.4,55.1,"16,026",2,24.9,"7,245",1.8,2.6,760,3.6,"1,056",24.1,"7,020",3,8.4,"2,431",3.1,87.5,"25,461",2.2,11.3,"3,294",3.4,41.7,"12,125",2.9,29,"8,453",3,93.8,"27,292",2.2,32.3,"9,405",3.4,71.5,"20,807",2.2,27.7,"8,053",2.5
15,México,15027,Chapultepec,"12,579",39.6,"4,982",1.6,2.1,269,3.5,37.5,"4,713",1.5,21.3,"2,677",1.4,14.9,"1,870",24.2,"3,049",7.9,998,2.1,9.5,"1,193",2.3,51,"6,415",1.6,6.9,867,2.5,2.7,337,2.9,16.6,"2,087",2.1,60.9,"7,660",1.6,6,755,3.3,54.5,"6,853",1.2,14,"1,758",1.5
15,México,15028,Chiautla,"29,373",52.8,"15,520",1.9,5.1,"1,506",3.3,47.7,"14,014",1.7,29,"8,530",1.7,6.7,"1,974",11.4,"3,349",11.4,"3,352",2.5,18.9,"5,553",2.5,74.9,"22,008",1.8,12.8,"3,757",2.8,6.7,"1,968",3.1,22.3,"6,560",2.5,81.9,"24,049",1.8,15.4,"4,513",3.3,59.6,"17,494",1.7,19.4,"5,709",1.9
15,México,15029,Chicoloapan,"233,816",44.8,"104,866",1.9,5.3,"12,316",3.2,39.6,"92,550",1.7,17.7,"41,318",1.7,17.1,"40,045",20.4,"47,586",10.1,"23,691",2.4,23.7,"55,451",2.5,49.2,"115,142",2,7.4,"17,400",2.8,1.5,"3,562",3.1,23.4,"54,814",2.2,62.5,"146,184",1.8,13.2,"30,934",3.2,62,"144,912",1.4,19.6,"45,713",1.7
15,México,15030,Chiconcuac,"27,638",65.1,"17,988",2,8.3,"2,298",3.3,56.8,"15,690",1.8,24.4,"6,733",1.8,4.9,"1,350",5.7,"1,567",10.4,"2,862",2.8,34.5,"9,547",2.5,85.3,"23,568",2,11.5,"3,190",2.8,7.9,"2,194",3,22.5,"6,212",2.7,89.4,"24,721",1.9,19.3,"5,329",3.3,70,"19,338",1.8,27.7,"7,648",2
15,México,15031,Chimalhuacán,"787,224",61.5,"483,845",2.1,9.2,"72,174",3.4,52.3,"411,671",1.8,19.7,"155,260",1.7,9.9,"78,203",8.9,"69,916",15.4,"121,116",2.7,25,"196,932",2.7,70.8,"557,605",2.1,18.9,"148,437",2.8,6.4,"50,304",3.1,24.4,"191,964",2.6,81.2,"639,105",2,21.3,"167,843",3.3,71.4,"562,048",1.8,26.1,"205,334",2.1
15,México,15032,Donato Guerra,"32,688",83.6,"27,333",2.9,33.6,"10,975",3.7,50,"16,358",2.4,15.2,"4,968",2.2,0.4,141,0.8,246,37.1,"12,114",3.5,11.3,"3,688",3.8,95,"31,056",2.8,28.4,"9,283",3.9,64,"20,928",3.4,38.8,"12,697",3.6,98.8,"32,301",2.8,57.6,"18,815",3.6,84.1,"27,474",2.9,47.6,"15,563",3.1
15,México,15033,Ecatepec de Morelos,"1,840,902",42.7,"786,843",1.9,4.9,"90,438",3.3,37.8,"696,405",1.7,18.7,"343,391",1.6,16.9,"311,674",21.7,"398,993",10.5,"192,664",2.3,24.9,"458,742",2.4,49.7,"915,075",2,7.2,"133,050",2.7,1.6,"30,224",3,17.7,"326,378",2.3,61.4,"1,130,235",1.8,11.5,"212,473",3.3,59.7,"1,098,518",1.4,19.9,"366,908",1.7
15,México,15034,Ecatzingo,"9,857",77.4,"7,631",2.3,21.2,"2,086",3.4,56.3,"5,545",1.9,16.2,"1,601",1.7,2.9,286,3.4,339,19.4,"1,907",3.1,10.4,"1,022",3,86.8,"8,560",2.2,28.5,"2,807",3.1,49.3,"4,863",2.8,11.1,"1,099",3.5,93.7,"9,232",2.2,34,"3,352",3.4,80.3,"7,917",2.2,44.1,"4,342",2.5
15,México,15035,Huehuetoca,"152,268",39.8,"60,633",1.7,2.8,"4,291",3.3,37,"56,342",1.6,16.8,"25,583",1.5,20.2,"30,765",23.2,"35,287",8.7,"13,217",2.2,13.8,"21,020",2.5,39.5,"60,142",1.8,6.5,"9,898",2.3,1.9,"2,947",2.7,22.3,"33,989",1.9,56.6,"86,216",1.6,7.7,"11,769",3.3,60,"91,398",1.1,15.5,"23,623",1.5
15,México,15036,Hueypoxtla,"51,533",67.3,"34,685",1.9,8.1,"4,182",3.4,59.2,"30,503",1.7,19.5,"10,071",1.7,7.5,"3,868",5.6,"2,909",18.1,"9,353",2.5,25.3,"13,013",2.6,78.4,"40,381",1.9,9.9,"5,123",2.9,10.2,"5,259",3,19.2,"9,870",2.7,86.8,"44,756",1.9,17.9,"9,223",3.3,74.8,"38,553",1.7,27.7,"14,267",2
15,México,15037,Huixquilucan,"213,989",30.8,"65,880",1.9,2.3,"4,913",3.4,28.5,"60,967",1.8,39,"83,388",1.5,6.2,"13,276",24,"51,445",10,"21,307",2.3,19.1,"40,971",2.5,59.8,"127,892",1.8,9.1,"19,374",2.6,6.6,"14,132",2.6,13.6,"29,184",2.5,69.8,"149,269",1.7,10.4,"22,312",3.3,37,"79,156",1.6,8.3,"17,801",1.9
15,México,15038,Isidro Fabela,"9,533",43.2,"4,117",2.1,5,478,3.5,38.2,"3,638",1.9,44.8,"4,270",1.8,2.6,252,9.4,895,17.1,"1,631",2.6,17.6,"1,678",2.6,78.3,"7,464",2,13.4,"1,281",3,21.7,"2,067",2.8,19.6,"1,871",2.7,88,"8,387",1.9,19.2,"1,829",3.4,45.8,"4,368",1.9,14.2,"1,350",2.2
15,México,15039,Ixtapaluca,"548,055",54.2,"296,805",2.1,8.1,"44,280",3.4,46.1,"252,524",1.8,19.4,"106,423",1.7,11.4,"62,346",15,"82,480",11.1,"60,985",2.7,23.1,"126,447",2.7,59.8,"327,837",2.2,14.7,"80,490",3,9.1,"49,916",3.1,28,"153,440",2.4,73.6,"403,228",2,19.3,"105,804",3.4,65.5,"359,151",1.7,23,"126,130",2.1
15,México,15040,Ixtapan de la Sal,"36,091",61.5,"22,186",2,8.7,"3,153",3.4,52.7,"19,033",1.8,25.3,"9,136",1.7,5.2,"1,867",8,"2,902",24.5,"8,832",2.7,6.1,"2,184",2.8,79.4,"28,668",1.9,12,"4,322",3.1,23.3,"8,422",2.9,19.8,"7,152",2.8,86.8,"31,322",1.9,21.2,"7,639",3.4,66.6,"24,053",1.8,24.4,"8,803",2.1
15,México,15041,Ixtapan del Oro,"7,114",89.2,"6,347",2.4,31.8,"2,260",3.5,57.5,"4,087",1.9,9.6,681,2,0.7,51,0.5,35,39.5,"2,812",3,3.1,223,3.5,91.8,"6,533",2.4,26.1,"1,854",3.5,58.4,"4,153",2.9,17.9,"1,276",3.6,98.8,"7,028",2.4,42.1,"2,992",3.5,89.9,"6,398",2.4,68.2,"4,852",2.5
15,México,15042,Ixtlahuaca,"162,880",70.3,"114,467",2.2,13,"21,192",3.4,57.3,"93,275",1.9,19.4,"31,624",1.8,5,"8,150",5.3,"8,639",20.3,"33,023",2.9,8.9,"14,422",3,78.4,"127,635",2.2,10.5,"17,033",3.2,48.9,"79,636",2.6,22.3,"36,373",2.9,89.7,"146,091",2.1,28.6,"46,551",3.3,75.3,"122,617",2,30.5,"49,599",2.3
15,México,15043,Xalatlaco,"30,849",62.2,"19,202",2.1,8.9,"2,760",3.4,53.3,"16,442",1.9,26.6,"8,220",1.8,4.2,"1,292",6.9,"2,136",17,"5,245",2.9,22.5,"6,940",2.7,83.3,"25,684",2,18.7,"5,762",3,15.8,"4,888",3.2,21,"6,491",2.8,88.9,"27,422",2,23.9,"7,385",3.4,66.4,"20,493",2,23.8,"7,348",2.2
15,México,15044,Jaltenco,"33,107",47.8,"15,826",1.6,3.4,"1,114",3.2,44.4,"14,712",1.5,16.8,"5,569",1.4,18.4,"6,080",17,"5,632",9.6,"3,186",2.2,13.2,"4,379",2.4,56,"18,529",1.6,4.1,"1,352",2.6,1.2,389,3.2,18,"5,964",2.1,64.6,"21,395",1.6,7.3,"2,410",3.2,66.2,"21,906",1.2,21,"6,953",1.5
15,México,15045,Jilotepec,"85,572",57.5,"49,185",2.2,9.8,"8,412",3.5,47.6,"40,774",1.9,27.8,"23,775",1.8,5.4,"4,588",9.4,"8,023",19.2,"16,472",2.8,9.2,"7,857",3,74.2,"63,471",2.1,8.9,"7,595",3.4,33.9,"28,984",2.7,27.6,"23,640",2.8,85.3,"72,960",2,24,"20,543",3.4,62.8,"53,774",2,23,"19,656",2.3
15,México,15046,Jilotzingo,"18,154",44.3,"8,046",1.7,3.2,573,3.5,41.2,"7,473",1.6,32.3,"5,862",1.6,8,"1,453",15.4,"2,794",14.9,"2,699",2.4,13.4,"2,429",2.5,67.9,"12,322",1.7,12.9,"2,341",2.7,11.8,"2,145",2.8,7.2,"1,312",2.8,76.6,"13,907",1.7,11.2,"2,037",3.4,52.3,"9,498",1.5,14.6,"2,653",1.7
15,México,15047,Jiquipilco,"72,641",66.7,"48,460",2.1,10.7,"7,751",3.4,56,"40,709",1.9,27.9,"20,274",1.8,1.9,"1,394",3.5,"2,513",22.2,"16,135",2.8,9.9,"7,165",2.9,88.2,"64,056",2.1,13.2,"9,568",3.2,34.5,"25,059",2.8,24.5,"17,814",2.9,94.6,"68,734",2,26.5,"19,270",3.4,68.6,"49,854",2.1,27.2,"19,781",2.3
15,México,15048,Jocotitlán,"64,914",58.8,"38,145",2,8.2,"5,321",3.4,50.6,"32,824",1.8,26.1,"16,972",1.6,5.7,"3,673",9.4,"6,124",16.2,"10,513",2.6,10.9,"7,064",2.8,75.7,"49,124",1.9,10.1,"6,543",3.1,24.5,"15,931",2.8,22.8,"14,791",2.7,84.9,"55,117",1.9,19.7,"12,786",3.4,64.4,"41,818",1.8,23.9,"15,487",2.1
15,México,15049,Joquicingo,"15,311",72.2,"11,049",1.9,10.7,"1,643",3.4,61.4,"9,406",1.7,18.6,"2,851",1.6,5.4,824,3.8,587,21.3,"3,262",2.7,6.2,943,2.7,85,"13,010",1.9,13,"1,996",2.9,19.1,"2,929",2.9,22.6,"3,466",2.8,90.8,"13,900",1.8,20.2,"3,097",3.3,77.5,"11,873",1.8,31.9,"4,877",2.1
15,México,15050,Juchitepec,"29,543",71.4,"21,093",1.9,9.1,"2,679",3.4,62.3,"18,415",1.7,18.5,"5,469",1.6,5.3,"1,559",4.8,"1,422",19.3,"5,695",2.7,14.2,"4,193",2.7,85.5,"25,267",1.9,17.9,"5,291",2.9,9.6,"2,827",3.2,20.2,"5,966",2.8,89.9,"26,562",1.9,19.2,"5,659",3.4,76.7,"22,653",1.8,29.1,"8,593",2
15,México,15051,Lerma,"146,884",46.5,"68,347",1.8,3.9,"5,753",3.4,42.6,"62,594",1.7,26.2,"38,423",1.6,9.7,"14,321",17.6,"25,793",13.3,"19,566",2.3,13.4,"19,629",2.5,59,"86,617",1.8,9.6,"14,152",2.7,8.9,"13,125",2.6,21.7,"31,900",2.3,72.7,"106,770",1.7,11.8,"17,362",3.3,56.3,"82,668",1.5,17.1,"25,046",1.7
15,México,15052,Malinalco,"27,218",76.3,"20,774",2.2,19.4,"5,282",3.4,56.9,"15,491",1.8,15.9,"4,325",1.7,3.6,988,4.2,"1,131",25.8,"7,027",2.9,12.3,"3,341",2.9,85.3,"23,214",2.1,12.8,"3,497",3.3,36.9,"10,053",3,21.7,"5,920",3.2,92.2,"25,099",2.1,30.9,"8,415",3.4,80,"21,762",2.1,41.5,"11,302",2.4
15,México,15053,Melchor Ocampo,"65,801",46.9,"30,852",1.8,4.6,"3,000",3.3,42.3,"27,853",1.6,18.6,"12,232",1.6,16.5,"10,888",18,"11,828",11.7,"7,730",2.4,19.3,"12,708",2.4,55,"36,202",1.8,10.2,"6,739",2.6,2.6,"1,710",2.9,15.5,"10,216",2.3,65.5,"43,084",1.7,11.1,"7,292",3.3,63.4,"41,741",1.3,19.7,"12,942",1.7
15,México,15054,Metepec,"219,270",31.6,"69,317",1.8,3.2,"6,932",3.3,28.5,"62,385",1.7,21.5,"47,245",1.6,15.2,"33,340",31.6,"69,368",8.9,"19,479",2.3,16.1,"35,272",2.3,43.6,"95,536",1.8,6.2,"13,675",2.6,3.5,"7,605",2.8,13.6,"29,809",2.3,53.2,"116,562",1.7,8.6,"18,912",3.2,46.8,"102,657",1.2,13,"28,544",1.7
15,México,15055,Mexicaltzingo,"12,731",51.1,"6,509",1.8,3.5,449,3.3,47.6,"6,059",1.7,34.2,"4,358",1.7,4.8,613,9.8,"1,251",11.4,"1,445",2.7,28.1,"3,577",2.3,81,"10,311",1.8,9.5,"1,211",2.7,5.5,696,2.8,13.7,"1,749",2.6,85.4,"10,867",1.7,13.1,"1,667",3.2,55.9,"7,122",1.7,16.1,"2,047",1.8
15,México,15056,Morelos,"29,268",79.9,"23,395",2.4,23.8,"6,960",3.4,56.2,"16,435",1.9,15.7,"4,599",1.9,1.9,550,2.5,724,27.6,"8,077",3.1,10.2,"2,998",3.2,88.5,"25,914",2.3,17,"4,970",3.4,46.9,"13,733",3,30.5,"8,933",3.1,95.6,"27,994",2.3,39.8,"11,634",3.4,81.8,"23,946",2.3,43.4,"12,710",2.6
15,México,15057,Naucalpan de Juárez,"877,661",37.1,"325,179",1.9,3.9,"33,872",3.3,33.2,"291,307",1.7,20.7,"181,747",1.6,17,"149,153",25.2,"221,582",11.4,"100,135",2.3,20.4,"178,977",2.5,45.2,"396,799",2,8.8,"77,335",2.6,3.7,"32,066",2.7,14.7,"128,736",2.3,57.8,"506,926",1.8,10.8,"95,201",3.3,54,"474,332",1.3,15.8,"138,561",1.6
15,México,15058,Nezahualcóyotl,"1,018,123",38.7,"393,721",1.8,3.5,"35,990",3.3,35.1,"357,731",1.7,26.4,"269,111",1.6,11.2,"113,923",23.7,"241,368",10.2,"104,181",2.3,23.7,"241,571",2.4,55,"559,906",1.9,7.1,"72,787",2.7,0.7,"6,889",3.6,17.4,"177,470",2.3,65.1,"662,832",1.8,10.3,"104,946",3.2,49.9,"507,645",1.4,15.2,"154,324",1.7
15,México,15059,Nextlalpan,"45,150",55.1,"24,896",2,6.7,"3,048",3.4,48.4,"21,848",1.8,21.1,"9,513",1.7,11,"4,973",12.8,"5,768",13,"5,847",2.7,22,"9,952",2.6,65.4,"29,545",2,13.1,"5,928",2.8,5.2,"2,353",3.2,24.7,"11,135",2.4,76.2,"34,409",1.9,16.9,"7,610",3.3,66.2,"29,869",1.6,21.5,"9,704",2
15,México,15060,Nicolás Romero,"445,761",43.2,"192,776",2,4.7,"21,114",3.4,38.5,"171,662",1.8,21.4,"95,315",1.7,14.8,"65,768",20.6,"91,902",13.5,"60,368",2.4,18.8,"84,005",2.6,49.3,"219,888",2.1,9.3,"41,651",2.7,12.7,"56,660",2.6,18.2,"81,343",2.4,64.6,"288,091",1.9,14,"62,491",3.3,58,"258,544",1.5,16.3,"72,565",1.8
15,México,15061,Nopaltepec,"9,381",56,"5,258",1.6,3.3,308,3.2,52.8,"4,950",1.5,32.6,"3,061",1.3,3,284,8.3,778,17,"1,593",2.2,7.2,672,2.4,82.8,"7,772",1.5,5,471,2.6,4.4,415,2.8,14.7,"1,375",2.4,88.7,"8,319",1.5,8,753,3.2,59.1,"5,542",1.5,19.3,"1,813",1.7
15,México,15062,Ocoyoacac,"69,398",46.3,"32,099",1.8,4,"2,743",3.3,42.3,"29,357",1.7,24.4,"16,944",1.6,11.6,"8,023",17.8,"12,331",10.3,"7,128",2.4,17,"11,768",2.5,59.5,"41,309",1.8,8.2,"5,673",2.8,10.6,"7,353",2.6,18.4,"12,795",2.4,70.7,"49,043",1.8,12.3,"8,521",3.3,57.8,"40,123",1.5,16.7,"11,607",1.7
15,México,15063,Ocuilan,"32,830",68.2,"22,401",2.3,15.3,"5,022",3.5,52.9,"17,379",2,25.5,"8,363",1.9,2.6,863,3.7,"1,203",23.7,"7,785",3,13.1,"4,298",3,86.1,"28,267",2.2,15.9,"5,212",3.4,43.7,"14,355",2.9,24.4,"8,017",3.2,93.7,"30,764",2.2,33.4,"10,967",3.4,70.9,"23,264",2.2,32.1,"10,551",2.5
15,México,15064,El Oro,"34,581",61.8,"21,383",2.1,11.1,"3,855",3.4,50.7,"17,529",1.8,28.5,"9,851",1.8,3.7,"1,270",6,"2,076",19.3,"6,671",2.8,7.4,"2,559",2.9,83.7,"28,951",2,12.7,"4,380",3.3,34.5,"11,946",2.9,24.4,"8,441",2.9,90.3,"31,235",2,25.9,"8,969",3.4,65.5,"22,653",2,27.8,"9,619",2.2
15,México,15065,Otumba,"37,746",63.3,"23,892",1.6,4,"1,527",3.3,59.3,"22,365",1.5,27.9,"10,524",1.4,3.4,"1,293",5.4,"2,037",15.4,"5,829",2.3,11.3,"4,281",2.4,86.6,"32,677",1.5,9.3,"3,496",2.8,6.1,"2,320",3,9.7,"3,679",2.8,91.2,"34,416",1.5,10.4,"3,930",3.3,66.7,"25,185",1.5,22.3,"8,413",1.6
15,México,15066,Otzoloapan,"4,055",78.2,"3,172",2.3,24.8,"1,005",3.4,53.4,"2,167",1.8,18,729,1.7,1.4,56,2.4,99,31.9,"1,293",2.8,3.1,124,3.1,86.8,"3,520",2.2,16.4,664,3.4,50.5,"2,049",2.9,23.2,941,3.3,96.2,"3,900",2.2,36.7,"1,487",3.4,79.6,"3,228",2.3,51.8,"2,101",2.4
15,México,15067,Otzolotepec,"87,540",62.8,"54,969",2.2,11.4,"9,941",3.5,51.4,"45,027",1.9,24.4,"21,399",1.8,5.1,"4,424",7.7,"6,749",20.9,"18,300",2.9,14.4,"12,645",2.9,77.4,"67,723",2.2,16.8,"14,741",3.2,24.3,"21,258",3,27.7,"24,240",2.9,87.2,"76,367",2.1,26.2,"22,941",3.5,67.8,"59,392",2,25.5,"22,312",2.4
15,México,15068,Ozumba,"31,453",70,"22,024",2,11,"3,466",3.4,59,"18,558",1.7,18.9,"5,954",1.7,5.5,"1,727",5.6,"1,748",14.8,"4,639",2.8,22.9,"7,202",2.7,82.8,"26,028",2,18.2,"5,712",3,17.8,"5,584",3.1,14.6,"4,600",2.8,89,"27,978",1.9,22.2,"6,977",3.4,75.5,"23,751",1.8,32.4,"10,176",2.1
15,México,15069,Papalotla,"4,145",45.9,"1,902",1.8,4.1,171,3.4,41.7,"1,730",1.7,35.2,"1,461",1.5,3.7,152,15.2,631,10.4,431,2.6,20.6,853,2.4,75.8,"3,140",1.8,7.2,300,3,1.8,76,3.1,23.4,969,2.5,81.1,"3,363",1.7,12.4,514,3.3,49.5,"2,053",1.7,15.2,630,2
15,México,15070,La Paz,"313,663",54.4,"170,591",2.2,9.6,"30,109",3.5,44.8,"140,482",1.9,22.2,"69,642",1.8,9.4,"29,584",14,"43,846",13.4,"42,141",2.8,23.1,"72,317",2.8,66.1,"207,408",2.2,18.5,"57,921",3.1,13.7,"43,094",3,24.3,"76,174",2.8,76.6,"240,233",2.1,22.3,"69,866",3.5,63.8,"200,175",1.9,22.6,"70,962",2.3
15,México,15071,Polotitlán,"12,860",50.2,"6,459",1.8,3.2,413,3.3,47,"6,046",1.7,38.2,"4,919",1.6,3.6,467,7.9,"1,015",17.6,"2,263",2.4,7.8,"1,000",2.5,79.4,"10,211",1.8,9,"1,153",2.9,16,"2,058",2.7,23.3,"2,998",2.5,88.5,"11,378",1.7,14.5,"1,868",3.3,53.9,"6,926",1.7,14.4,"1,850",1.8
15,México,15072,Rayón,"14,158",39.7,"5,620",1.6,2.7,380,3.4,37,"5,240",1.5,21.8,"3,092",1.4,17.1,"2,427",21.3,"3,019",10.9,"1,544",2.2,7.8,"1,110",2.6,51.5,"7,294",1.6,7.4,"1,049",2.6,2.8,393,3.4,15.2,"2,157",2.3,61.5,"8,713",1.6,7.4,"1,046",3.4,56.8,"8,047",1.1,16,"2,258",1.4
15,México,15073,San Antonio la Isla,"28,713",39.4,"11,317",1.7,3,870,3.2,36.4,"10,447",1.6,19.9,"5,703",1.5,14.3,"4,094",26.5,"7,599",8.2,"2,352",2.3,11.1,"3,201",2.4,50.7,"14,550",1.7,6,"1,730",2.4,2.3,656,3,18.1,"5,200",2.1,59.3,"17,021",1.6,7.8,"2,246",3.2,53.7,"15,411",1.3,14.7,"4,231",1.6
15,México,15074,San Felipe del Progreso,"128,034",75.9,"97,207",2.7,24.5,"31,399",3.5,51.4,"65,808",2.3,21.5,"27,590",2.2,0.6,806,1.9,"2,432",31.9,"40,890",3.3,8.6,"10,965",3.3,93.6,"119,894",2.6,17.9,"22,927",3.6,64.1,"82,116",3,34.5,"44,235",3.3,97.5,"124,796",2.6,50.8,"64,992",3.4,76.6,"98,012",2.7,37.4,"47,859",2.9
15,México,15075,San Martín de las Pirámides,"26,033",49.5,"12,887",1.6,2.9,757,3.3,46.6,"12,130",1.5,34.9,"9,095",1.4,4.7,"1,236",10.8,"2,815",11,"2,851",2.3,15,"3,905",2.3,79.2,"20,620",1.6,6.8,"1,773",2.7,5.3,"1,374",2.5,13.7,"3,572",2.4,84.4,"21,982",1.6,8.2,"2,123",3.2,54.3,"14,123",1.5,16.4,"4,273",1.7
15,México,15076,San Mateo Atenco,"80,909",44.4,"35,923",1.9,4.3,"3,497",3.3,40.1,"32,426",1.7,20.2,"16,342",1.6,14.7,"11,898",20.7,"16,746",10.1,"8,204",2.4,17.9,"14,482",2.5,49.2,"39,842",2,7.9,"6,388",2.6,9.2,"7,440",2.5,21.5,"17,375",2.2,64.6,"52,265",1.8,11.9,"9,588",3.3,59.1,"47,821",1.4,18.2,"14,764",1.7
15,México,15077,San Simón de Guerrero,"6,295",63.1,"3,970",2.3,15.2,956,3.4,47.9,"3,014",1.9,26.2,"1,647",1.7,3.7,233,7.1,444,22.2,"1,396",2.8,0.9,58,3.2,74,"4,658",2.2,16.6,"1,044",3.1,49.5,"3,115",2.7,25.9,"1,628",2.8,89.2,"5,617",2.1,29.2,"1,837",3.3,66.8,"4,203",2.1,36.3,"2,288",2.3
15,México,15078,Santo Tomás,"10,142",62.5,"6,344",2.1,12.7,"1,287",3.4,49.9,"5,056",1.7,31.8,"3,223",1.5,1.5,149,4.2,427,26.3,"2,668",2.7,2.4,239,2.9,86.2,"8,743",1.9,14.4,"1,456",3.2,34.6,"3,509",2.9,15.5,"1,572",3.2,94.3,"9,567",1.9,24.1,"2,445",3.4,64,"6,492",2,32.1,"3,251",2.3
15,México,15079,Soyaniquilpan de Juárez,"13,454",56.6,"7,618",1.9,6.6,886,3.4,50,"6,733",1.7,26.6,"3,572",1.6,5.8,783,11,"1,480",16.7,"2,243",2.5,7.3,981,2.6,72.3,"9,728",1.9,6.8,917,3.1,25.6,"3,443",2.6,23.4,"3,142",2.5,83.2,"11,191",1.8,16.3,"2,196",3.3,62.4,"8,401",1.7,21.1,"2,833",2
15,México,15080,Sultepec,"23,541",76.8,"18,078",2.7,30,"7,066",3.4,46.8,"11,013",2.2,16.6,"3,906",2.1,2,467,4.6,"1,090",30.7,"7,226",3.2,10,"2,359",3.3,83.7,"19,699",2.6,19.5,"4,599",3.6,66.9,"15,742",2.9,28.9,"6,798",3.4,93.4,"21,984",2.6,48.9,"11,519",3.4,78.8,"18,546",2.6,47.6,"11,215",2.8
15,México,15081,Tecámac,"496,907",36.8,"182,674",1.8,3.2,"15,943",3.2,33.6,"166,731",1.7,17.9,"88,706",1.6,18.1,"90,145",27.2,"135,381",6.8,"33,693",2.2,22.3,"110,659",2.4,43.6,"216,435",1.9,4.8,"23,930",2.5,1,"4,903",3.1,17.2,"85,460",2.1,54.6,"271,381",1.8,8.9,"44,070",3.2,54.9,"272,820",1.2,14.8,"73,294",1.6
15,México,15082,Tejupilco,"73,420",71.3,"52,324",2.4,21.6,"15,882",3.4,49.6,"36,442",1.9,18.6,"13,645",1.7,2.6,"1,882",7.6,"5,569",26.6,"19,522",3,5.7,"4,149",2.9,81.4,"59,798",2.3,19.1,"14,056",3.4,42.4,"31,156",3,26.3,"19,344",3.1,89.9,"65,969",2.2,35,"25,698",3.4,73.8,"54,205",2.3,38.1,"27,953",2.6
15,México,15083,Temamatla,"13,295",40.2,"5,348",1.8,3.1,407,3.4,37.2,"4,942",1.7,24.5,"3,252",1.6,12.3,"1,632",23,"3,063",9,"1,195",2.3,13.1,"1,743",2.6,53.6,"7,120",1.8,16.9,"2,252",2.3,3.4,448,2.7,14.3,"1,896",2.5,64.7,"8,600",1.7,10.7,"1,425",3.3,52.5,"6,980",1.4,13.8,"1,834",1.7
15,México,15084,Temascalapa,"43,249",58,"25,091",1.8,5.7,"2,468",3.3,52.3,"22,623",1.7,22.1,"9,564",1.6,9.7,"4,193",10.2,"4,401",14.3,"6,191",2.4,15.6,"6,738",2.5,70.2,"30,343",1.8,9.5,"4,124",2.7,8.2,"3,566",2.8,23.9,"10,347",2.4,80.1,"34,655",1.8,13.8,"5,977",3.3,67.7,"29,284",1.6,22.6,"9,795",1.8
15,México,15085,Temascalcingo,"63,415",74.6,"47,277",2.4,20.1,"12,750",3.5,54.4,"34,527",2,18.6,"11,805",1.9,2.8,"1,793",4,"2,540",27.1,"17,154",3.1,12.2,"7,733",3,84.8,"53,781",2.3,13.5,"8,573",3.6,40.8,"25,895",3.1,35.4,"22,444",3.1,93.2,"59,082",2.3,36.9,"23,429",3.4,77.4,"49,071",2.3,37.9,"24,022",2.6
15,México,15086,Temascaltepec,"27,816",78.2,"21,756",2.3,22.1,"6,134",3.4,56.2,"15,622",1.9,19.1,"5,302",1.9,1.3,354,1.5,404,28.5,"7,938",3,4.6,"1,266",3.1,89.4,"24,878",2.3,17.7,"4,937",3.4,54.6,"15,178",2.8,23.6,"6,573",3,97.3,"27,059",2.2,37.1,"10,322",3.3,79.5,"22,110",2.3,45.7,"12,712",2.5
15,México,15087,Temoaya,"102,525",71.8,"73,601",2.5,18.7,"19,138",3.5,53.1,"54,463",2.2,22.3,"22,911",2,1.7,"1,695",4.2,"4,318",26.7,"27,395",3.2,12.1,"12,425",3.2,90.2,"92,443",2.4,19.3,"19,805",3.5,47.2,"48,364",3,30.8,"31,541",3.1,94.1,"96,511",2.4,40.7,"41,694",3.4,73.4,"75,296",2.5,32.8,"33,578",2.7
15,México,15088,Tenancingo,"101,695",61.5,"62,590",2.1,9.4,"9,555",3.5,52.2,"53,035",1.8,23.4,"23,801",1.7,5.5,"5,594",9.5,"9,710",18.8,"19,160",2.8,15.8,"16,043",2.6,78.1,"79,469",2,12,"12,215",3.3,20.6,"20,989",3,21.1,"21,494",2.9,85,"86,391",2,22,"22,366",3.4,67,"68,184",1.9,25.1,"25,504",2.2
15,México,15089,Tenango del Aire,"12,930",53.7,"6,940",1.8,4.1,533,3.4,49.5,"6,406",1.6,28.4,"3,678",1.6,7,911,10.8,"1,401",12.4,"1,609",2.5,14.9,"1,924",2.4,74.9,"9,684",1.7,18,"2,329",2.6,6.4,825,3.1,14.6,"1,886",2.5,82.1,"10,618",1.7,13.3,"1,720",3.3,60.7,"7,851",1.6,18.2,"2,352",1.8
15,México,15090,Tenango del Valle,"96,113",63.8,"61,320",2,10.4,"9,949",3.5,53.4,"51,371",1.8,18,"17,261",1.7,8.6,"8,225",9.7,"9,307",18.9,"18,139",2.8,18.6,"17,897",2.7,73.3,"70,447",2,11.8,"11,333",3.2,14.6,"14,027",3.2,24,"23,062",2.8,81.8,"78,581",2,21.5,"20,684",3.4,72.4,"69,545",1.8,28.3,"27,165",2.1
15,México,15091,Teoloyucan,"77,656",52.1,"40,440",1.9,6.4,"4,967",3.3,45.7,"35,473",1.7,17.8,"13,861",1.7,15.5,"12,003",14.6,"11,351",11.3,"8,751",2.4,25.9,"20,113",2.5,56.9,"44,180",2,6.7,"5,207",2.7,8.8,"6,829",2.6,21.2,"16,439",2.4,69.9,"54,301",1.9,14.6,"11,328",3.2,67.5,"52,444",1.5,23.1,"17,971",1.8
15,México,15092,Teotihuacán,"64,682",53.7,"34,720",1.6,3.7,"2,420",3.3,49.9,"32,300",1.5,21.2,"13,711",1.5,12.1,"7,806",13.1,"8,445",10.5,"6,810",2.3,15.1,"9,776",2.4,68.3,"44,151",1.6,7.2,"4,682",2.8,4.2,"2,736",2.9,15.1,"9,794",2.4,74.9,"48,430",1.6,9.6,"6,215",3.2,65.7,"42,526",1.3,21,"13,606",1.6
15,México,15093,Tepetlaoxtoc,"32,602",56,"18,266",1.7,4.5,"1,470",3.3,51.5,"16,796",1.6,27.8,"9,051",1.5,6,"1,941",10.3,"3,344",13,"4,243",2.4,10.7,"3,494",2.5,77,"25,092",1.7,9.7,"3,153",2.8,12.8,"4,179",2.6,16.2,"5,290",2.5,83.8,"27,317",1.7,12.3,"4,022",3.2,62,"20,208",1.6,18.4,"6,015",1.8
15,México,15094,Tepetlixpa,"21,732",68.4,"14,870",2.1,12,"2,616",3.5,56.4,"12,255",1.9,19.6,"4,261",1.8,6.3,"1,361",5.7,"1,240",17.5,"3,796",3,28.5,"6,198",2.8,81,"17,610",2.1,17.8,"3,866",3.2,23.8,"5,178",3,13.6,"2,949",3.1,88,"19,131",2.1,25.7,"5,587",3.4,74.7,"16,231",2,30.6,"6,657",2.2
15,México,15095,Tepotzotlán,"97,736",38.4,"37,564",1.9,3.8,"3,688",3.3,34.7,"33,876",1.7,22.8,"22,262",1.7,15.1,"14,760",23.7,"23,150",10,"9,767",2.3,22.3,"21,760",2.4,48.3,"47,223",1.9,6.1,"5,979",2.7,8.9,"8,741",2.4,13.8,"13,462",2.3,61.2,"59,826",1.8,11.3,"11,088",3.2,53.5,"52,324",1.3,15.1,"14,741",1.7
15,México,15096,Tequixquiac,"43,226",60.2,"26,008",1.9,6.4,"2,769",3.3,53.8,"23,239",1.8,20,"8,640",1.7,9.9,"4,269",10,"4,309",14.5,"6,249",2.5,33.3,"14,397",2.4,71.8,"31,036",1.9,4.2,"1,826",2.9,12.9,"5,563",2.7,13.7,"5,932",2.6,80.2,"34,649",1.9,15.4,"6,657",3.2,70,"30,277",1.7,24.3,"10,502",1.9
15,México,15097,Texcaltitlán,"17,232",73.7,"12,701",2.1,18.4,"3,174",3.4,55.3,"9,527",1.7,18.8,"3,234",1.7,2.7,469,4.8,828,25.2,"4,350",2.8,4.5,783,2.9,84,"14,479",2.1,13.9,"2,394",3.2,34.9,"6,014",2.9,26.1,"4,493",3,92.5,"15,935",2,29.9,"5,151",3.3,76.4,"13,170",2.1,42.7,"7,364",2.3
15,México,15098,Texcalyacac,"5,492",66,"3,623",1.8,8.3,456,3.3,57.7,"3,167",1.6,18.1,992,1.4,7.1,390,8.9,487,12.1,664,2.5,9.5,521,2.5,74.7,"4,100",1.8,11.9,656,2.8,5.8,319,3,29.8,"1,636",2.3,84,"4,615",1.7,13.4,738,3.3,73.1,"4,013",1.6,35.7,"1,959",1.8
15,México,15099,Texcoco,"239,885",45.8,"109,918",2,6.4,"15,356",3.3,39.4,"94,562",1.8,24.8,"59,440",1.7,8.8,"21,197",20.6,"49,330",8.5,"20,357",2.4,22.9,"54,995",2.5,60.3,"144,587",2,13.1,"31,474",2.6,7.4,"17,848",2.8,19.7,"47,273",2.5,70.6,"169,358",1.9,15.2,"36,421",3.3,54.7,"131,115",1.7,18.2,"43,748",2
15,México,15100,Tezoyuca,"47,050",65.4,"30,781",2.4,14.8,"6,958",3.6,50.6,"23,823",2,18.2,"8,584",1.8,7.1,"3,343",9.2,"4,342",12.9,"6,089",3.2,26.1,"12,286",3.1,71.9,"33,822",2.4,14.2,"6,698",3.4,41.8,"19,648",2.9,22.7,"10,685",3.2,83.7,"39,365",2.3,31.9,"15,009",3.5,72.5,"34,124",2.2,27.9,"13,107",2.6
15,México,15101,Tianguistenco,"80,887",59.4,"48,055",2,8.6,"6,958",3.4,50.8,"41,097",1.8,23.7,"19,132",1.7,7.4,"6,004",9.5,"7,695",15.1,"12,220",2.8,18.4,"14,912",2.6,74.7,"60,402",2,13.7,"11,108",3,15.5,"12,568",3,22.1,"17,843",2.7,83.1,"67,188",1.9,19.9,"16,087",3.4,66.8,"54,060",1.8,25,"20,215",2.1
15,México,15102,Timilpan,"12,999",51.2,"6,655",1.9,5.7,744,3.3,45.5,"5,911",1.8,42.9,"5,575",1.6,1.1,145,4.8,624,20.5,"2,666",2.5,5.8,755,2.8,85.3,"11,084",1.8,4.8,622,3.1,27.8,"3,616",2.7,25.6,"3,333",2.7,94.1,"12,230",1.8,18.8,"2,442",3.3,52.3,"6,800",1.9,18.7,"2,426",2.1
15,México,15103,Tlalmanalco,"50,109",45.6,"22,833",2,5.9,"2,936",3.4,39.7,"19,897",1.8,22.2,"11,104",1.6,13,"6,518",19.3,"9,655",8.8,"4,414",2.5,14.2,"7,124",2.6,52.5,"26,287",2,21.2,"10,617",2.5,8.7,"4,346",2.9,21.2,"10,625",2.5,67.7,"33,937",1.9,15,"7,532",3.3,58.6,"29,351",1.5,18,"9,018",1.9
15,México,15104,Tlalnepantla de Baz,"717,436",34.9,"250,185",1.8,3.2,"23,196",3.3,31.6,"226,989",1.7,20.1,"144,465",1.6,15.4,"110,569",29.6,"212,217",10.6,"75,834",2.2,18.4,"132,236",2.4,42.3,"303,449",1.9,6.8,"48,527",2.6,0.6,"4,505",2.8,18.1,"129,505",2.2,55,"394,650",1.8,9.4,"67,236",3.2,50.3,"360,754",1.3,13.8,"98,681",1.6
15,México,15105,Tlatlaya,"31,820",77.1,"24,537",2.6,26.4,"8,391",3.4,50.7,"16,146",2.1,18.6,"5,910",2,1.3,425,3,947,30.2,"9,624",3,5.6,"1,776",3.2,83.2,"26,475",2.5,22.4,"7,128",3.5,63.3,"20,146",2.9,30.9,"9,831",3.3,95.7,"30,447",2.5,46,"14,630",3.4,78.4,"24,962",2.5,43.3,"13,779",2.7
15,México,15106,Toluca,"908,605",45.5,"413,281",1.9,6.1,"55,389",3.4,39.4,"357,892",1.7,18.3,"166,173",1.6,13.8,"125,651",22.4,"203,500",12.7,"115,426",2.5,15.1,"136,937",2.5,51.6,"469,008",2,7,"63,280",2.9,10.3,"93,824",2.9,21,"191,237",2.4,63.8,"579,453",1.8,13.7,"124,539",3.3,59.3,"538,932",1.5,20.4,"185,129",1.9
15,México,15107,Tonatico,"12,276",57.3,"7,038",1.6,3.4,421,3.3,53.9,"6,617",1.5,33,"4,055",1.4,2.8,343,6.9,841,23.4,"2,876",2.1,6.3,779,2.4,82.4,"10,120",1.6,6.6,809,2.9,8.9,"1,092",2.7,12.9,"1,584",2.6,90.4,"11,092",1.6,9.9,"1,212",3.2,60.1,"7,380",1.6,18.1,"2,227",1.7
15,México,15108,Tultepec,"158,821",40.7,"64,578",1.9,4.4,"7,015",3.3,36.2,"57,563",1.8,20.7,"32,873",1.7,14,"22,258",24.6,"39,112",10.6,"16,795",2.5,22.1,"35,093",2.5,50.7,"80,527",2,7.7,"12,200",2.7,0.8,"1,321",3.2,21,"33,394",2.4,61.4,"97,451",1.8,12.3,"19,471",3.3,54.7,"86,836",1.4,16.1,"25,629",1.8
15,México,15109,Tultitlán,"571,074",36.4,"207,937",1.9,3.3,"19,010",3.3,33.1,"188,926",1.7,18.2,"103,725",1.6,19,"108,366",26.4,"151,046",8.7,"49,798",2.3,21.3,"121,454",2.4,42.2,"241,187",1.9,5.2,"29,544",2.9,1.5,"8,766",3.6,18.1,"103,223",2.2,54.6,"311,662",1.8,9.3,"53,004",3.3,55.4,"316,302",1.2,16,"91,456",1.5
15,México,15110,Valle de Bravo,"66,258",61.2,"40,578",1.9,8,"5,325",3.5,53.2,"35,252",1.7,26.9,"17,804",1.6,4.7,"3,102",7.2,"4,774",20.8,"13,801",2.7,9.9,"6,585",2.7,81.8,"54,219",1.9,13.6,"9,029",3.2,19.2,"12,716",3,16.8,"11,121",2.9,88.1,"58,382",1.8,19.6,"13,004",3.4,65.9,"43,680",1.8,24.1,"15,943",2.1
15,México,15111,Villa de Allende,"48,454",81.8,"39,659",2.5,28.5,"13,826",3.4,53.3,"25,833",2,15.3,"7,409",2.1,1.5,705,1.4,681,32.9,"15,929",3.2,10.2,"4,946",3.3,91.3,"44,216",2.5,17.9,"8,659",3.6,56.5,"27,380",3,30.2,"14,624",3.3,97.1,"47,068",2.5,47,"22,781",3.4,83.3,"40,364",2.5,49.1,"23,813",2.7
15,México,15112,Villa del Carbón,"46,647",71.7,"33,464",2.3,17.5,"8,147",3.5,54.3,"25,317",2,23.1,"10,786",1.8,1.9,909,3.2,"1,489",24.8,"11,557",3.1,8.6,"4,031",3.3,88.1,"41,080",2.3,18.2,"8,495",3.4,40,"18,673",3.1,30.5,"14,227",3.1,94.9,"44,250",2.2,34.4,"16,047",3.5,73.7,"34,373",2.3,33.4,"15,595",2.6
15,México,15113,Villa Guerrero,"72,391",71.3,"51,592",2.2,12.1,"8,757",3.5,59.2,"42,835",2,24.9,"18,040",1.9,1.3,976,2.5,"1,783",32.1,"23,221",3,12.3,"8,872",3,91.7,"66,403",2.2,14.1,"10,198",3.5,32,"23,168",3.1,26,"18,811",3.1,96.2,"69,632",2.2,31.7,"22,932",3.5,72.6,"52,568",2.2,26.2,"18,976",2.5
15,México,15114,Villa Victoria,"95,819",71.7,"68,702",2.7,21.5,"20,632",3.6,50.2,"48,070",2.3,26.3,"25,196",2.3,0.6,559,1.4,"1,362",36.3,"34,737",3.3,9,"8,642",3.6,92.5,"88,647",2.6,18.5,"17,685",3.8,66.8,"63,995",3,32,"30,627",3.4,98,"93,899",2.6,49.7,"47,635",3.5,72.3,"69,261",2.7,33.8,"32,409",2.9
15,México,15115,Xonacatlán,"53,687",53.9,"28,935",1.8,5.7,"3,072",3.3,48.2,"25,862",1.7,28.3,"15,204",1.6,7.2,"3,884",10.6,"5,664",14.4,"7,746",2.5,15,"8,053",2.5,75,"40,264",1.8,9.8,"5,275",2.9,12.1,"6,520",2.9,18,"9,652",2.6,82.2,"44,139",1.8,15.2,"8,166",3.3,61.1,"32,818",1.6,19.2,"10,305",1.9
15,México,15116,Zacazonapan,"4,330",67.6,"2,925",2,12.2,528,3.4,55.4,"2,397",1.7,25.5,"1,104",1.5,0.9,38,6.1,263,29.6,"1,280",2.6,2.4,104,3,86.5,"3,746",1.9,7.8,336,3.4,28.5,"1,234",2.9,18.1,786,3,93.1,"4,029",1.9,22.5,973,3.3,68.4,"2,963",2,31.5,"1,365",2.2
15,México,15117,Zacualpan,"13,160",76.1,"10,009",2.5,28.2,"3,711",3.4,47.9,"6,298",2,19.9,"2,621",1.7,1.5,193,2.6,337,31.8,"4,191",3.1,4.3,566,3.2,86.2,"11,342",2.4,15.3,"2,018",3.6,60.3,"7,941",2.9,26.7,"3,515",3.3,96,"12,630",2.3,42.2,"5,554",3.4,77.5,"10,202",2.5,45.5,"5,985",2.8
15,México,15118,Zinacantepec,"200,865",53.3,"107,092",2,7.8,"15,602",3.5,45.5,"91,489",1.7,18.9,"37,986",1.6,10.2,"20,476",17.6,"35,312",16.3,"32,668",2.8,14.3,"28,666",2.7,63.3,"127,053",2,10.5,"21,108",3.2,13.7,"27,552",3.1,19.6,"39,442",2.7,72.2,"145,077",1.9,16.8,"33,736",3.5,63.5,"127,568",1.7,22.5,"45,134",2.1
15,México,15119,Zumpahuacán,"17,731",78.3,"13,879",2.5,22.8,"4,042",3.5,55.5,"9,836",2.1,19.9,"3,524",2.1,0.4,71,1.5,258,30,"5,320",3.1,9.1,"1,618",3.3,91.7,"16,265",2.5,26.7,"4,741",3.5,60.2,"10,669",3,22,"3,894",3.4,98.1,"17,403",2.4,43.7,"7,748",3.5,78.7,"13,949",2.5,42.8,"7,592",2.7
15,México,15120,Zumpango,"211,459",46.9,"99,241",1.9,4.6,"9,801",3.3,42.3,"89,440",1.7,22.8,"48,108",1.6,11.5,"24,299",18.8,"39,811",11.7,"24,689",2.4,21.8,"46,150",2.5,58.6,"123,906",1.9,7.3,"15,407",2.8,4,"8,409",2.9,20.9,"44,092",2.2,69.7,"147,350",1.8,12.6,"26,558",3.3,58.4,"123,540",1.5,18.1,"38,211",1.8
15,México,15121,Cuautitlán Izcalli,"509,985",27.7,"141,173",1.9,2.8,"14,401",3.3,24.9,"126,772",1.8,20.8,"105,879",1.7,15.3,"77,928",36.3,"185,005",6.7,"34,153",2.2,21.9,"111,653",2.4,37.2,"189,795",2,3.3,"16,999",2.9,2.8,"14,125",2.8,15.8,"80,357",2.2,48.4,"247,052",1.8,8.4,"43,048",3.3,43,"219,101",1.2,11.6,"59,110",1.6
15,México,15122,Valle de Chalco Solidaridad,"452,170",59,"266,702",2.1,9.5,"42,778",3.3,49.5,"223,924",1.8,18.5,"83,537",1.8,12.2,"55,138",10.3,"46,793",15.8,"71,570",2.7,32.3,"146,256",2.6,66.2,"299,228",2.1,16.1,"72,897",2.8,1,"4,508",3.2,24.4,"110,103",2.6,77.5,"350,239",2,21,"94,843",3.3,71.2,"321,840",1.7,27.8,"125,851",2
15,México,15123,Luvianos,"24,639",84.9,"20,914",2.5,32.1,"7,911",3.5,52.8,"13,003",1.9,12.8,"3,159",1.8,0.9,231,1.4,336,34.9,"8,604",3,4.9,"1,204",3.2,89.2,"21,968",2.5,20.6,"5,087",3.6,56.8,"14,007",3,29.3,"7,230",3.3,97.7,"24,073",2.4,44.7,"11,012",3.4,85.8,"21,145",2.5,54.4,"13,402",2.7
15,México,15124,San José del Rincón,"84,040",76.3,"64,133",2.6,22.8,"19,120",3.5,53.6,"45,014",2.3,23.2,"19,507",2.3,0.1,98,0.4,302,38.9,"32,693",3.2,8,"6,730",3.5,94.9,"79,770",2.6,23.1,"19,416",3.6,70.3,"59,090",2.9,18.6,"15,616",3.6,99.5,"83,641",2.6,48.7,"40,958",3.4,76.4,"64,231",2.6,39.4,"33,153",2.7
15,México,15125,Tonanitla,"10,190",49.6,"5,055",1.9,5.1,519,3.3,44.5,"4,535",1.8,29.7,"3,025",1.7,6,615,14.7,"1,495",13.4,"1,360",2.5,26.2,"2,669",2.4,68.2,"6,951",1.9,11.4,"1,157",2.7,8.6,880,2.7,17.6,"1,794",2.4,79.3,"8,080",1.8,14.7,"1,503",3.3,55.6,"5,669",1.7,19.1,"1,946",2
